,count,mean,median,std,min,max
quantity,200,10.64,10.0,5.679054348345091,1.0,20.0
unit_price,200,202.38770000000005,60.2,331.7742197779331,11.04,1499.91
